"order_id";"customer_id";"order_status";"purchase_time";"approved_time";"carrier_time";"delivered_time";"estimated_delivery"
"e481f51cbdc54678b7cc49136f2d6af7";"9ef432eb6251297304e76186b10a928d";"delivered";"2017-10-02 10:56:33";"2017-10-02 11:07:15";"2017-10-04 19:55:00";"2017-10-10 21:25:13";"2017-10-18 00:00:00"
"53cdb2fc8bc7dce0b6741e2150273451";"b0830fb4747a6c6d20dea0b8c802d7ef";"delivered";"2018-07-24 20:41:37";"2018-07-26 03:24:27";"2018-07-26 14:31:00";"2018-08-07 15:27:45";"2018-08-13 00:00:00"
"47770eb9100c2d0c44946d9cf07ec65d";"41ce2a54c0b03bf3443c3d931a367089";"delivered";"2018-08-08 08:38:49";"2018-08-08 08:55:23";"2018-08-08 13:50:00";"2018-08-17 18:06:29";"2018-09-04 00:00:00"
"949d5b44dbf5de918fe9c16f97b45f8a";"f88197465ea7920adcdbec7375364d82";"delivered";"2017-11-18 19:28:06";"2017-11-18 19:45:59";"2017-11-22 13:39:59";"2017-12-02 00:28:42";"2017-12-15 00:00:00"
"ad21c59c0840e6cb83a9ceb5573f8159";"8ab97904e6daea8866dbdbc4fb7aad2c";"delivered";"2018-02-13 21:18:39";"2018-02-13 22:20:29";"2018-02-14 19:46:34";"2018-02-16 18:17:02";"2018-02-26 00:00:00"
"a4591c265e18cb1dcee52889e2d8acc3";"503740e9ca751ccdda7ba28e9ab8f608";"delivered";"2017-07-09 21:57:05";"2017-07-09 22:10:13";"2017-07-11 14:58:04";"2017-07-26 10:57:55";"2017-08-01 00:00:00"
"136cce7faa42fdb2cefd53fdc79a6098";"ed0271e0b7da060a393796590e7b737a";"invoiced";"2017-04-11 12:22:08";"2017-04-13 13:25:17";"";"";"2017-05-09 00:00:00"
"6514b8ad8028c9f2cc2374ded245783f";"9bdf08b4b3b52b5526ff42d37d47f222";"delivered";"2017-05-16 13:10:30";"2017-05-16 13:22:11";"2017-05-22 10:07:46";"2017-05-26 12:55:51";"2017-06-07 00:00:00"
"76c6e866289321a7c93b82b54852dc33";"f54a9f0e6b351c431402b8461ea51999";"delivered";"2017-01-23 18:29:09";"2017-01-25 02:50:47";"2017-01-26 14:16:31";"2017-02-02 14:08:10";"2017-03-06 00:00:00"
"e69bfb5eb88e0ed6a785585b27e16dbf";"31ad1d1b63eb9962463f764d4e6e0c9d";"delivered";"2017-07-29 11:55:02";"2017-07-29 12:05:32";"2017-08-10 19:45:24";"2017-08-16 17:14:30";"2017-08-23 00:00:00"
"e6ce16cb79ec1d90b1da9085a6118aeb";"494dded5b201313c64ed7f100595b95c";"delivered";"2017-05-16 19:41:10";"2017-05-16 19:50:18";"2017-05-18 11:40:40";"2017-05-29 11:18:31";"2017-06-07 00:00:00"
"34513ce0c4fab462a55830c0989c7edb";"7711cf624183d843aafe81855097bc37";"delivered";"2017-07-13 19:58:11";"2017-07-13 20:10:08";"2017-07-14 18:43:29";"2017-07-19 14:04:48";"2017-08-08 00:00:00"
"82566a660a982b15fb86e904c8d32918";"d3e3b74c766bc6214e0c830b17ee2341";"delivered";"2018-06-07 10:06:19";"2018-06-09 03:13:12";"2018-06-11 13:29:00";"2018-06-19 12:05:52";"2018-07-18 00:00:00"
"5ff96c15d0b717ac6ad1f3d77225a350";"19402a48fe860416adf93348aba37740";"delivered";"2018-07-25 17:44:10";"2018-07-25 17:55:14";"2018-07-26 13:16:00";"2018-07-30 15:52:25";"2018-08-08 00:00:00"
"432aaf21d85167c2c86ec9448c4e42cc";"3df704f53d3f1d4818840b34ec672a9f";"delivered";"2018-03-01 14:14:28";"2018-03-01 15:10:47";"2018-03-02 21:09:20";"2018-03-12 23:36:26";"2018-03-21 00:00:00"
"dcb36b511fcac050b97cd5c05de84dc3";"3b6828a50ffe546942b7a473d70ac0fc";"delivered";"2018-06-07 19:03:12";"2018-06-12 23:31:02";"2018-06-11 14:54:00";"2018-06-21 15:34:32";"2018-07-04 00:00:00"
"403b97836b0c04a622354cf531062e5f";"738b086814c6fcc74b8cc583f8516ee3";"delivered";"2018-01-02 19:00:43";"2018-01-02 19:09:04";"2018-01-03 18:19:09";"2018-01-20 01:38:59";"2018-02-06 00:00:00"
"116f0b09343b49556bbad5f35bee0cdf";"3187789bec990987628d7a9beb4dd6ac";"delivered";"2017-12-26 23:41:31";"2017-12-26 23:50:22";"2017-12-28 18:33:05";"2018-01-08 22:36:36";"2018-01-29 00:00:00"
"85ce859fd6dc634de8d2f1e290444043";"059f7fc5719c7da6cbafe370971a8d70";"delivered";"2017-11-21 00:03:41";"2017-11-21 00:14:22";"2017-11-23 21:32:26";"2017-11-27 18:28:00";"2017-12-11 00:00:00"
"83018ec114eee8641c97e08f7b4e926f";"7f8c8b9c2ae27bf3300f670c3d478be8";"delivered";"2017-10-26 15:54:26";"2017-10-26 16:08:14";"2017-10-26 21:46:53";"2017-11-08 22:22:00";"2017-11-23 00:00:00"
"203096f03d82e0dffbc41ebc2e2bcfb7";"d2b091571da224a1b36412c18bc3bbfe";"delivered";"2017-09-18 14:31:30";"2017-09-19 04:04:09";"2017-10-06 17:50:03";"2017-10-09 22:23:46";"2017-09-28 00:00:00"
"f848643eec1d69395095eb3840d2051e";"4fa1cd166fa598be6de80fa84eaade43";"delivered";"2018-03-15 08:52:40";"2018-03-15 09:09:31";"2018-03-15 19:52:48";"2018-03-19 18:08:32";"2018-03-29 00:00:00"
"2807d0e504d6d4894d41672727bc139f";"72ae281627a6102d9b3718528b420f8a";"delivered";"2018-02-03 20:37:35";"2018-02-03 20:50:22";"2018-02-05 22:37:28";"2018-02-08 16:13:46";"2018-02-21 00:00:00"
"95266dbfb7e20354baba07964dac78d5";"a166da34890074091a942054b36e4265";"delivered";"2018-01-08 07:55:29";"2018-01-08 08:07:31";"2018-01-24 23:16:37";"2018-01-26 17:32:38";"2018-02-21 00:00:00"
"f3e7c359154d965827355f39d6b1fdac";"62b423aab58096ca514ba6aa06be2f98";"delivered";"2018-08-09 11:44:40";"2018-08-10 03:24:51";"2018-08-10 12:29:00";"2018-08-13 18:24:27";"2018-08-17 00:00:00"
"fbf9ac61453ac646ce8ad9783d7d0af6";"3a874b4d4c4b6543206ff5d89287f0c3";"delivered";"2018-02-20 23:46:53";"2018-02-22 02:30:46";"2018-02-26 22:25:22";"2018-03-21 22:03:54";"2018-03-12 00:00:00"
"acce194856392f074dbf9dada14d8d82";"7e20bf5ca92da68200643bda76c504c6";"delivered";"2018-06-04 00:00:13";"2018-06-05 00:35:10";"2018-06-05 13:24:00";"2018-06-16 15:20:55";"2018-07-18 00:00:00"
"dd78f560c270f1909639c11b925620ea";"8b212b9525f9e74e85e37ed6df37693e";"delivered";"2018-03-12 01:50:26";"2018-03-12 03:28:34";"2018-03-12 21:06:37";"2018-03-21 14:41:50";"2018-03-28 00:00:00"
"91b2a010e1e45e6ba3d133fa997597be";"cce89a605105b148387c52e286ac8335";"delivered";"2018-05-02 11:45:38";"2018-05-03 12:55:01";"2018-05-10 16:16:00";"2018-05-16 20:56:24";"2018-05-23 00:00:00"
"ecab90c9933c58908d3d6add7c6f5ae3";"761df82feda9778854c6dafdaeb567e4";"delivered";"2018-02-25 13:50:30";"2018-02-25 14:47:35";"2018-02-26 22:28:50";"2018-03-27 23:29:14";"2018-04-13 00:00:00"
"f70a0aff17df5a6cdd9a7196128bd354";"456dc10730fbdba34615447ea195d643";"delivered";"2017-08-10 11:58:33";"2017-08-12 02:45:24";"2017-08-17 15:35:07";"2017-08-18 14:28:02";"2017-08-23 00:00:00"
"1790eea0b567cf50911c057cf20f90f9";"52142aa69d8d0e1247ab0cada0f76023";"delivered";"2018-04-16 21:15:39";"2018-04-16 22:10:26";"2018-04-18 13:05:09";"2018-05-05 12:28:34";"2018-05-15 00:00:00"
"989225ba6d0ebd5873335f7e01de2ae7";"816f8653d5361cbf94e58c33f2502a5c";"delivered";"2017-12-12 13:56:04";"2017-12-14 13:54:13";"2017-12-16 00:18:57";"2018-01-03 18:03:36";"2018-01-08 00:00:00"
"d887b52c6516beb39e8cd44a5f8b60f7";"d9ef95f98d8da3b492bb8c0447910498";"delivered";"2018-02-03 12:38:58";"2018-02-03 12:50:30";"2018-02-05 21:26:53";"2018-02-22 00:07:55";"2018-03-07 00:00:00"
"b276e4f8c0fb86bd82fce576f21713e0";"cf8ffeddf027932e51e4eae73b384059";"delivered";"2018-07-29 23:34:51";"2018-07-29 23:45:15";"2018-07-30 14:43:00";"2018-07-31 22:48:50";"2018-08-06 00:00:00"
"8563039e855156e48fccee4d611a3196";"5f16605299d698660e0606f7eae2d2f9";"delivered";"2018-02-17 15:59:46";"2018-02-17 16:15:34";"2018-02-20 23:03:56";"2018-03-20 00:59:25";"2018-03-20 00:00:00"
"60550084e6b4c0cb89a87df1f3e5ebd9";"f5458ddc3545711efa883dd7ae7c4497";"delivered";"2018-02-21 18:15:12";"2018-02-23 02:10:52";"2018-02-27 18:52:09";"2018-03-13 23:58:43";"2018-03-29 00:00:00"
"5acce57f8d9dfd55fa48e212a641a69d";"295ae9b35379e077273387ff64354b6f";"delivered";"2017-07-31 21:37:10";"2017-08-02 02:56:02";"2017-08-03 18:32:48";"2017-08-08 21:24:41";"2017-08-22 00:00:00"
"434d158e96bdd6972ad6e6d73ddcfd22";"2a1dfb647f32f4390e7b857c67458536";"delivered";"2018-06-01 12:23:13";"2018-06-05 03:35:15";"2018-06-08 11:49:00";"2018-06-18 21:32:52";"2018-07-17 00:00:00"
"7206b86ea789983f7a273ea7fa0bc2a8";"3391c4bc11a817e7973e498b0b023158";"delivered";"2018-03-26 17:12:18";"2018-03-26 17:28:27";"2018-03-28 17:22:53";"2018-04-05 22:11:18";"2018-04-12 00:00:00"
"1e7aff52cdbb2451ace09d0f848c3699";"ddaff536587109b89777e0353215e150";"delivered";"2017-05-19 18:53:40";"2017-05-19 19:05:17";"2017-05-22 10:16:07";"2017-05-31 13:58:46";"2017-06-12 00:00:00"
"6ea2f835b4556291ffdc53fa0b3b95e8";"c7340080e394356141681bd4c9b8fe31";"delivered";"2017-11-24 21:27:48";"2017-11-25 00:21:09";"2017-12-13 21:14:05";"2017-12-28 18:59:23";"2017-12-21 00:00:00"
"948097deef559c742e7ce321e5e58919";"8644be24d48806bc3a88fd59fb47ceb1";"delivered";"2017-08-04 17:10:39";"2017-08-04 17:25:11";"2017-08-07 17:52:01";"2017-08-12 14:08:40";"2017-09-01 00:00:00"
"d22e9fa5731b9e30e8b27afcdc2f8563";"756fb9391752dad934e0fe3733378e57";"delivered";"2018-08-04 23:25:30";"2018-08-04 23:35:13";"2018-08-06 15:03:00";"2018-08-13 23:34:42";"2018-09-13 00:00:00"
"ee64d42b8cf066f35eac1cf57de1aa85";"caded193e8e47b8362864762a83db3c5";"shipped";"2018-06-04 16:44:48";"2018-06-05 04:31:18";"2018-06-05 14:32:00";"";"2018-06-28 00:00:00"
"6ebaec694d7025e2ad4a05dba887c032";"4f28355e5c17a4a42d3ce2439a1d4501";"delivered";"2017-05-18 13:55:47";"2017-05-18 14:05:17";"2017-05-19 12:01:38";"2017-05-29 12:47:20";"2017-06-09 00:00:00"
"d17dc4a904426827ca80f2ccb3a6be56";"569cf68214806a39acc0f39344aea67f";"delivered";"2017-05-14 20:28:25";"2017-05-14 20:42:45";"2017-05-16 08:17:46";"2017-05-25 09:14:31";"2017-06-12 00:00:00"
"25f4376934e13d3508486352e11a5db0";"12fd2740039676063a874b9567dfa651";"delivered";"2018-05-17 16:59:11";"2018-05-18 01:17:39";"2018-05-18 13:02:00";"2018-05-21 15:22:11";"2018-05-25 00:00:00"
"5820a1100976432c7968a52da59e9364";"2b56e94c2f66f2d97cfa63356f69cee8";"delivered";"2018-07-29 11:24:17";"2018-07-29 11:44:19";"2018-07-30 13:47:00";"2018-08-02 22:09:11";"2018-08-13 00:00:00"
"2ce1ad82022c1ba30c2079502ac725aa";"7f2178c5d771e17f507d3c1637339298";"delivered";"2017-08-09 20:19:05";"2017-08-11 04:15:29";"2017-08-11 17:52:32";"2017-08-16 17:16:44";"2017-08-31 00:00:00"
"138849fd84dff2fb4ca70a0a34c4aa1c";"9b18f3fc296990b97854e351334a32f6";"delivered";"2018-02-01 14:02:19";"2018-02-03 02:53:07";"2018-02-06 19:13:26";"2018-02-14 13:41:59";"2018-02-23 00:00:00"
"47aa4816b27ba60ec948cd019cc1afc1";"148348ff65384b4249b762579532e248";"delivered";"2018-06-26 13:42:52";"2018-06-27 08:35:32";"2018-06-27 13:20:00";"2018-07-03 18:37:46";"2018-07-20 00:00:00"
"9faeb9b2746b9d7526aef5acb08e2aa0";"79183cd650e2bb0d475b0067d45946ac";"delivered";"2018-07-26 14:39:59";"2018-07-26 14:55:10";"2018-07-27 12:04:00";"2018-07-31 22:26:55";"2018-08-16 00:00:00"
"641fb0752bf5b5940c376b3a8bb9dc52";"f5afca14dfa9dc64251cf2b45c54c363";"delivered";"2017-12-15 00:06:10";"2017-12-15 00:14:55";"2017-12-19 01:58:00";"2018-01-03 15:09:32";"2018-01-16 00:00:00"
"e425680f760cbc130be3e53a9773c584";"f178c1827f67a8467b0385b7378d951a";"delivered";"2017-08-31 08:15:24";"2017-08-31 08:30:17";"2017-08-31 20:06:14";"2017-09-04 20:59:55";"2017-09-20 00:00:00"
"40c5e18f7d112b59b3e5113a59a905b3";"67407057a7d5ee17d1cd09523f484d13";"delivered";"2018-06-11 10:25:52";"2018-06-11 10:58:32";"2018-06-14 13:03:00";"2018-06-19 00:31:13";"2018-07-16 00:00:00"
"734e7d1bbaeb2ff82521ca0fe6fb6f79";"2932d241d1f31e6df6c701d52370ae02";"delivered";"2018-06-11 08:18:19";"2018-06-11 08:31:50";"2018-06-11 14:54:00";"2018-06-14 21:32:21";"2018-07-05 00:00:00"
"66e4624ae69e7dc89bd50222b59f581f";"684fa6da5134b9e4dab731e00011712d";"delivered";"2018-03-09 14:50:15";"2018-03-09 15:40:39";"2018-03-15 00:31:19";"2018-04-03 13:28:46";"2018-04-02 00:00:00"
"a685d016c8a26f71a0bb67821070e398";"911e4c37f5cafe1604fe6767034bf1ae";"delivered";"2017-03-13 18:14:36";"2017-03-13 18:14:36";"2017-03-22 14:03:09";"2017-04-06 13:37:16";"2017-03-30 00:00:00"
"2edfd6d1f0b4cd0db4bf37b1b224d855";"241e78de29b3090cfa1b5d73a8130c72";"delivered";"2017-06-13 21:11:26";"2017-06-15 03:05:45";"2017-06-16 14:55:37";"2017-06-19 18:51:28";"2017-07-06 00:00:00"
"68873cf91053cd11e6b49a766db5af1a";"4632eb5a8f175f6fe020520ae0c678f3";"delivered";"2017-11-30 22:02:15";"2017-12-02 02:51:18";"2017-12-04 22:07:01";"2017-12-05 20:28:40";"2017-12-18 00:00:00"
"f346ad4ee8f630e5e4ddaf862a34e6dd";"dd5095632e3953fc0947b8ab5176b0be";"delivered";"2018-08-05 13:09:48";"2018-08-05 13:24:34";"2018-08-06 13:41:00";"2018-08-10 18:35:40";"2018-08-15 00:00:00"
"8f06cc6465925031568537b815f1198d";"9916715c2ab6ee1710c9c32f0a534ad2";"delivered";"2017-11-15 11:31:41";"2017-11-15 11:46:42";"2017-11-16 22:03:00";"2017-11-22 22:41:07";"2017-12-05 00:00:00"
"ccbabeb0b02433bd0fcbac46e70339f2";"c77ee2d8ba1614a4d489a44166894938";"delivered";"2018-02-19 20:31:09";"2018-02-21 06:15:25";"2018-02-22 21:04:23";"2018-03-09 22:22:25";"2018-03-13 00:00:00"
"688052146432ef8253587b930b01a06d";"81e08b08e5ed4472008030d70327c71f";"delivered";"2018-04-22 08:48:13";"2018-04-24 18:25:22";"2018-04-23 19:19:14";"2018-04-24 19:31:58";"2018-05-15 00:00:00"
"f271576bed568e896f99eb710cd3a6f8";"5dda11942d4f77bee3a46d71e442aec4";"delivered";"2018-01-07 21:44:54";"2018-01-07 21:51:28";"2018-01-10 21:56:09";"2018-01-17 20:26:31";"2018-02-14 00:00:00"
"686541986ecfb7d9296eb67719973bf0";"74805bc388861fa350ed2fade8444e0b";"delivered";"2018-02-10 13:26:59";"2018-02-10 13:35:31";"2018-02-14 20:47:38";"2018-02-20 22:13:08";"2018-03-12 00:00:00"
"68e48e68da1f50f7c5838ea75e3a20dd";"4afc1dcca5fe8926fc97d60a4497f8ab";"delivered";"2018-06-18 16:02:23";"2018-06-18 17:00:57";"2018-06-19 15:55:00";"2018-06-22 21:18:51";"2018-07-13 00:00:00"
"b52cc4919de82b4d696a4380d10804a3";"be8c14c16a4d47194ccdfe10f1fc5b1a";"delivered";"2018-06-13 13:47:39";"2018-06-15 02:37:29";"2018-06-15 14:22:00";"2018-06-18 22:32:44";"2018-06-26 00:00:00"
"fdf128b3630c21adc9ca4fb8a51b68ec";"a9d37ddc8ba4d9f6dbac7d8ec378cc95";"delivered";"2018-07-15 08:33:19";"2018-07-16 14:31:10";"2018-07-17 15:33:00";"2018-07-24 16:41:18";"2018-08-02 00:00:00"
"a6aeb116d2cb5013eb8a94585b71ffef";"bb2f5e670f7155dc622c57e4b31d0a69";"delivered";"2017-09-13 14:27:11";"2017-09-13 14:44:39";"2017-09-15 18:42:29";"2017-09-16 15:40:08";"2017-09-25 00:00:00"
"fa516182d28f96f5f5c651026b0749ee";"55e6b290205c84ddd23ddf5eb134efd4";"delivered";"2018-04-13 08:44:17";"2018-04-13 13:30:02";"2018-04-13 22:19:21";"2018-04-19 20:41:45";"2018-05-08 00:00:00"
"6abaad69b8b349c3a529b4b91ce18e46";"f5618502bee8eafdee72fb6955e2ebdf";"delivered";"2018-02-15 10:33:30";"2018-02-15 10:47:59";"2018-02-20 14:15:09";"2018-02-24 19:15:56";"2018-03-07 00:00:00"
"974c1993ab8024d3ed16229183c2308d";"a90391a47de936d56c66a5366cba1462";"delivered";"2017-02-20 11:45:39";"2017-02-22 03:10:20";"2017-02-23 06:47:35";"2017-03-09 14:27:58";"2017-03-21 00:00:00"
"82bce245b1c9148f8d19a55b9ff70644";"388025bec8128ff20ec1a316ed4dcf02";"delivered";"2017-04-20 17:15:46";"2017-04-21 05:15:56";"2017-04-24 09:34:13";"2017-05-10 09:17:55";"2017-05-12 00:00:00"
"a910f58086d58b3ae6f37aa712d377b9";"afb19a4b667cb708caab312757ec3d3f";"delivered";"2017-09-15 09:19:48";"2017-09-15 09:35:18";"2017-09-18 18:20:00";"2017-09-25 20:14:48";"2017-10-11 00:00:00"
"bd4bd0194d6d29f83b8557d4b89b572a";"636e15840ab051faa13d3f781b6e4233";"delivered";"2018-07-28 16:52:55";"2018-07-31 03:50:24";"2018-08-01 16:01:00";"2018-08-06 18:44:46";"2018-08-08 00:00:00"
"634e8f4c0f6744a626f77f39770ac6aa";"05e996469a2bf9559c7122b87e156724";"delivered";"2017-08-09 18:32:47";"2017-08-09 18:45:18";"2017-08-10 20:21:53";"2017-08-16 18:17:54";"2017-08-31 00:00:00"
"6d25592267349b322799e2beb687871e";"5bb39c890c91b1d26801aa19a9336eac";"delivered";"2018-08-26 22:04:34";"2018-08-28 04:10:18";"2018-08-28 12:56:00";"2018-08-29 12:40:53";"2018-08-30 00:00:00"
"b8801cccd8068de30112e4f49903d74a";"f26a435864aebedff7f7c84f82ee229f";"delivered";"2017-07-30 03:06:35";"2017-07-30 03:25:08";"2017-07-31 16:42:54";"2017-08-01 14:27:31";"2017-08-16 00:00:00"
"2711a938db643b3f0b62ee2c8a2784aa";"29cb486c739f9774c8eb542e07b56cd2";"delivered";"2017-12-22 00:17:37";"2017-12-23 02:15:31";"2017-12-27 19:54:46";"2018-01-09 19:52:32";"2018-01-19 00:00:00"
"3bc77ce8be27211bac313c2daa402d1a";"bf141bf67fbe428d558bcf0e018eab60";"delivered";"2017-04-06 22:39:29";"2017-04-06 22:50:24";"2017-04-07 14:54:18";"2017-04-11 12:31:36";"2017-04-27 00:00:00"
"10c320f977c6a18f91b2d14be13128c6";"b673f0597cb0c4d12778f731045f361a";"delivered";"2017-05-09 20:48:59";"2017-05-09 21:02:45";"2017-05-10 11:22:15";"2017-05-18 13:22:35";"2017-06-01 00:00:00"
"0a4a2fccb27bd83a892fa503987a595b";"6772a0a230a2667d16c3620f000e1348";"delivered";"2017-04-20 20:42:44";"2017-04-20 20:55:09";"2017-04-25 08:23:08";"2017-05-11 13:07:46";"2017-05-25 00:00:00"
"e4de6d53ecff736bc68804b0b6e9f635";"9f6618c17568ac301465fe7ad056c674";"delivered";"2017-10-16 14:56:50";"2017-10-17 03:49:34";"2017-10-27 22:14:21";"2017-11-08 21:25:24";"2017-11-21 00:00:00"
"6b860b35691d486e45dc98e3514ec5f6";"fee181bf648906d1c57f84f216976286";"delivered";"2017-12-08 09:42:43";"2017-12-09 02:49:54";"2017-12-11 15:19:04";"2017-12-19 18:43:35";"2018-01-03 00:00:00"
"ec341c54a5ebf8ee0a67a8632aa7579b";"df9b032b2ad0fd6bf37dfb48e5f83845";"delivered";"2017-08-26 16:53:30";"2017-08-27 17:04:12";"2017-08-30 13:26:32";"2017-09-08 20:39:56";"2017-09-21 00:00:00"
"cadbb3657dac2dbbd5b84b12e7b78aad";"93ada7a24817edda9f4ab998fa823d16";"delivered";"2018-02-27 12:55:42";"2018-03-01 02:48:54";"2018-03-03 02:27:03";"2018-03-16 14:59:01";"2018-03-29 00:00:00"
"9defaf92cff22420e4e8ef7784815a55";"64fb950e760ec8b0db79154a1fa9c1bf";"delivered";"2018-05-11 13:10:51";"2018-05-11 13:36:50";"2018-05-16 14:43:00";"2018-05-21 16:09:55";"2018-06-05 00:00:00"
"20e0101b20700188cadb288126949685";"48558a50a7ba1aab61891936d2ca7681";"delivered";"2018-01-22 19:22:22";"2018-01-22 19:36:35";"2018-01-24 23:32:21";"2018-02-15 20:08:15";"2018-02-19 00:00:00"
"0e782c3705510e717d28907746cbda82";"3a897024068ed42a183de61d5727d866";"delivered";"2018-05-01 08:12:37";"2018-05-01 08:52:58";"2018-05-02 19:01:00";"2018-05-04 14:02:26";"2018-05-16 00:00:00"
"d3d6788577c9592da441752e8a1dd5e3";"8628fac2267e8c8804525da99c10ed0e";"delivered";"2017-09-19 22:17:15";"2017-09-20 07:55:14";"2017-09-22 17:23:09";"2017-10-10 18:43:53";"2017-10-13 00:00:00"
"86f21bf63784876b9fd6d35f46581d72";"332df68ccac2f2f7d9e11299188f8bce";"delivered";"2018-04-11 22:32:31";"2018-04-11 22:49:32";"2018-04-14 00:02:39";"2018-04-27 23:14:42";"2018-05-21 00:00:00"
"8447ff843b2616c50c0ced28ab1dae03";"e28dd4261bed9c7ba89ecaf411b88f7c";"delivered";"2017-12-20 23:45:07";"2017-12-22 02:37:45";"2017-12-23 13:10:45";"2018-01-09 18:14:02";"2018-01-22 00:00:00"
"f169bd689fb8b32ccd62df9050aebc0b";"82f0b75bb50fcb30711e5277e36b3983";"delivered";"2018-04-22 23:23:18";"2018-04-24 19:24:14";"2018-04-27 13:46:00";"2018-04-30 17:57:25";"2018-05-07 00:00:00"
"77e9941864fc840be8e4b1ba5347c0f7";"3135962ee745ef39b85576df7ddbaa99";"delivered";"2018-08-03 08:59:39";"2018-08-03 09:31:36";"2018-08-03 10:10:00";"2018-08-17 00:49:41";"2018-08-27 00:00:00"
"41bb5cee06dbf170878a9ef93ac7e7f5";"1833a0540067becaf59368fe4cd4303a";"delivered";"2018-05-14 08:35:33";"2018-05-14 08:52:24";"2018-05-16 14:46:00";"2018-05-18 14:48:38";"2018-06-08 00:00:00"
"6a0a8bfbbe700284feb0845d95e0867f";"68451b39b1314302c08c65a29f1140fc";"delivered";"2017-11-22 11:32:22";"2017-11-22 11:46:50";"2017-11-27 13:39:35";"2017-12-28 19:43:00";"2017-12-11 00:00:00"
"f7959f8385f34c4f645327465a1c9fc4";"0bf19317b1830a69e55b40710576aa7a";"delivered";"2017-03-30 07:50:33";"2017-03-30 08:05:08";"2017-03-30 10:55:54";"2017-04-10 02:59:52";"2017-04-26 00:00:00"
"23f553848a03aaab35bb3f9f87725125";"c622b892a190735ef81c0087973fa16d";"delivered";"2018-06-05 09:10:34";"2018-06-05 09:32:22";"2018-06-06 15:37:00";"2018-06-18 12:36:54";"2018-07-23 00:00:00"
"e3447938231fb6ba2fee0231b51eca59";"2c3642e1392097fb4af76a76fec16a46";"delivered";"2018-08-26 11:04:26";"2018-08-26 11:15:29";"2018-08-27 15:52:00";"2018-08-28 21:06:31";"2018-08-30 00:00:00"
"e346cd9299371b18c0b28e8e29a5e376";"fb9590a1e30e0ba8304ea73a31325797";"delivered";"2017-05-17 08:36:11";"2017-05-17 08:45:09";"2017-05-17 10:13:52";"2017-05-23 13:32:30";"2017-06-06 00:00:00"
"a5474c0071dd5d1074e12d417078bbd0";"ef15b3240b2083e0487762ee2978d2b8";"delivered";"2018-07-30 22:41:44";"2018-08-01 02:50:15";"2018-08-02 10:35:00";"2018-08-03 19:28:47";"2018-08-02 00:00:00"
"0760a852e4e9d89eb77bf631eaaf1c84";"d2a79636084590b7465af8ab374a8cf5";"invoiced";"2018-08-03 17:44:42";"2018-08-07 06:15:14";"";"";"2018-08-21 00:00:00"
"bb7c5cf4dff9994daeab7c8ee9d287aa";"9a4900710ff76d73cb3a0d152e73adf0";"delivered";"2018-03-01 22:14:26";"2018-03-02 22:08:51";"2018-03-05 17:32:31";"2018-03-09 14:48:21";"2018-03-26 00:00:00"
"66d03fb3c4b0f80b5db04ef9c260336d";"c39bde0d4030d5e31e654f0c20db9786";"delivered";"2018-02-06 21:09:10";"2018-02-06 21:29:40";"2018-02-07 17:13:05";"2018-02-16 20:24:42";"2018-03-07 00:00:00"
"a6cd683d4bd3b9b1f0aa37b27f8116d3";"48f239e15744ed5e7ffbafc6bb6e882b";"delivered";"2017-01-28 23:45:53";"2017-01-29 01:31:48";"2017-02-01 14:25:06";"2017-02-10 17:30:19";"2017-03-10 00:00:00"
"bfe42c22ecbf90bc9f35cf591270b6a7";"803ac05904124294f8767894d6da532b";"delivered";"2018-01-27 22:04:34";"2018-01-27 22:16:18";"2018-02-03 03:56:00";"2018-02-09 20:16:40";"2018-02-26 00:00:00"
"e1da8361c76cab67aa3588a1fbf1af54";"dd854e24b40e3bc2b306946dee252015";"delivered";"2017-07-01 15:42:32";"2017-07-04 04:10:19";"2017-07-04 14:52:46";"2017-07-12 20:17:57";"2017-07-25 00:00:00"
"af5b0604e113e1526593d505a26ef39d";"b896b244963dc7543d400ad82d6710e0";"delivered";"2017-09-27 12:07:22";"2017-09-27 12:26:02";"2017-09-29 22:25:42";"2017-09-30 17:13:01";"2017-10-16 00:00:00"
"9d531c565e28c3e0d756192f84d8731f";"d4faa220408c20e53595d2950f361f3b";"delivered";"2017-11-28 21:00:44";"2017-12-01 09:31:15";"2017-12-14 20:37:43";"2018-01-23 21:38:52";"2017-12-22 00:00:00"
"4da3bd761ca73d692ae0f5c252495546";"65ee4aa816cda8ad41e05c75e1cb691e";"delivered";"2018-02-01 12:31:21";"2018-02-01 12:54:33";"2018-02-02 00:39:31";"2018-02-02 16:12:53";"2018-02-19 00:00:00"
"80d817467dc3d0a4bb5ab8986c962b1f";"a4a2abd07b1cdd4902cf245cdfa1451d";"delivered";"2018-08-22 16:10:29";"2018-08-22 16:25:19";"2018-08-23 14:33:00";"2018-08-28 14:52:43";"2018-09-05 00:00:00"
"c75acba615d2db29345327974641467d";"2b47ff70d422cc3ada976dea40f48782";"delivered";"2018-07-06 23:36:15";"2018-07-07 10:10:09";"2018-07-10 14:25:00";"2018-07-13 17:18:42";"2018-08-10 00:00:00"
"210e60465099814a1d2c7635e4065153";"fc849c5fbc7e2b0c7cfebc138886c693";"delivered";"2018-05-09 18:27:00";"2018-05-09 18:54:13";"2018-05-10 16:07:00";"2018-05-22 00:08:26";"2018-05-29 00:00:00"
"8fc207e94fa91a7649c5a5dab690272a";"c69f8b33e62ecb30ff78ae46d7fb9241";"delivered";"2017-11-26 17:49:46";"2017-11-26 17:58:34";"2017-11-28 23:17:09";"2018-01-20 13:42:22";"2017-12-19 00:00:00"
"4b3a605942f29d490cb74bd6ace6b9f0";"e8a332c3433fbd37920ec89fc295d075";"delivered";"2017-09-29 09:32:17";"2017-09-29 09:44:12";"2017-09-29 21:58:48";"2017-09-30 16:55:39";"2017-10-17 00:00:00"
"1c35ac660d7ef6691b25d20df3d6eccb";"68c85132eb3b96fbe6cbddc09a568d24";"delivered";"2017-06-27 23:11:57";"2017-06-27 23:35:09";"2017-06-28 14:28:00";"2017-06-29 10:16:35";"2017-07-10 00:00:00"
"01a75ac3dd000b7628a684be97c29234";"57ee2ef64f17a5f9a4bf30489b06326c";"delivered";"2018-01-23 10:32:39";"2018-01-23 10:59:10";"2018-01-26 19:12:26";"2018-02-07 14:59:03";"2018-02-21 00:00:00"
"0c6b011f8a4f87010c23995f5807d152";"a78b75a2ad06180de06b82857ca442b3";"delivered";"2018-08-20 18:24:30";"2018-08-20 18:35:26";"2018-08-21 11:53:00";"2018-08-28 13:43:41";"2018-09-13 00:00:00"
"ee0c5c649e17808bc4a363d3a80ebf85";"cc3590e4afbb4b3e056b50a80a6a7d0c";"delivered";"2018-01-30 07:51:17";"2018-01-30 08:13:43";"2018-01-31 15:06:03";"2018-02-20 15:25:04";"2018-02-21 00:00:00"
"f2fa3795760c35b8c05fa8e2f09d5143";"fac60d7c4df3896a5af5db6c91e03797";"delivered";"2018-03-31 14:20:46";"2018-04-03 05:10:21";"2018-04-05 00:44:42";"2018-04-07 00:06:33";"2018-05-04 00:00:00"
"3923e3ade70348985bd2ca389905cf19";"6454e6cba392b35aa21527063026fc92";"delivered";"2018-03-07 23:00:33";"2018-03-09 03:00:35";"2018-03-14 02:08:26";"2018-03-19 18:46:32";"2018-03-29 00:00:00"
"e37797aedc7cd4ef82278fbc169eecaf";"4c9c7c2b6de6ee2568681b5599bb7495";"delivered";"2018-05-08 22:12:34";"2018-05-08 22:31:43";"2018-05-10 13:35:00";"2018-05-14 18:55:59";"2018-05-23 00:00:00"
"35660aec0cc42b6257e24281ee0e6255";"b53cc3c992caaa45ec73cfdde4d839b5";"delivered";"2017-03-30 14:46:00";"2017-03-30 14:55:17";"2017-04-10 18:53:49";"2017-04-27 11:08:55";"2017-05-12 00:00:00"
"b01875821b8dcb6abc61776f0f971bce";"818596f5b68adfe2c11498ebb6d39e02";"delivered";"2017-11-24 21:55:22";"2017-11-25 01:31:43";"2017-11-28 22:37:15";"2017-12-01 21:11:40";"2017-12-15 00:00:00"
"5164933efe0cd14f31424b9badf81f19";"d0e71d7a6dbca8ac513ac63d08a81fa0";"delivered";"2018-04-25 22:18:10";"2018-04-25 22:31:56";"2018-04-26 12:35:00";"2018-04-27 16:50:03";"2018-05-14 00:00:00"
"06a6627d9cc91a04e9d146bf65fee0a2";"61449fa1b8b8998c9c3f3a7f0ae954ef";"delivered";"2017-07-16 10:27:45";"2017-07-16 10:35:14";"2017-07-18 12:34:04";"2017-07-21 19:59:36";"2017-08-04 00:00:00"
"15bed8e2fec7fdbadb186b57c46c92f2";"f3f0e613e0bdb9c7cee75504f0f90679";"processing";"2017-09-03 14:22:03";"2017-09-03 14:30:09";"";"";"2017-10-03 00:00:00"
"5447160f15621601fa9ba2b94f4906b3";"9c338ea8093192e203bc16add78c123c";"delivered";"2017-11-21 12:08:32";"2017-11-21 12:40:55";"2017-11-22 20:17:08";"2017-11-28 20:33:38";"2017-12-14 00:00:00"
"01855f880aae9a984c7c33b26fcf2e02";"2e068340b3037f667ce3224bd59260af";"delivered";"2017-10-19 15:08:48";"2017-10-19 15:35:35";"2017-10-23 13:14:16";"2017-10-24 15:57:46";"2017-10-31 00:00:00"
"65312c6e4ce03c0fb633a4ac541949d8";"228da462edabbbc68e6d265087499705";"delivered";"2018-07-22 15:19:05";"2018-07-23 12:32:22";"2018-07-25 10:06:00";"2018-08-02 21:08:57";"2018-08-13 00:00:00"
"741fd1b80f015f170a7f458cf86769b8";"df5c9e02596851fcbfc98804e4108bbd";"delivered";"2017-12-02 14:28:03";"2017-12-02 14:38:30";"2017-12-04 21:54:27";"2017-12-11 16:17:04";"2018-01-04 00:00:00"
"b16cec67cb3f5a4bb31abe8988b43d19";"62ffae18a7ca4b2e681c6296180ae346";"delivered";"2018-03-26 09:14:26";"2018-03-26 09:28:24";"2018-03-27 17:21:48";"2018-03-29 20:08:43";"2018-04-20 00:00:00"
"e6190dea235662449d160357e46eaec8";"b80feb27fb4955a21bca55fdb039af17";"delivered";"2018-01-09 06:37:43";"2018-01-09 07:27:15";"2018-01-09 18:35:02";"2018-01-15 14:56:58";"2018-02-06 00:00:00"
"8eeda294fab8a5ed70259afb59a10ff8";"6feea03756fd7ef4fb37d8f7e44aaeb9";"delivered";"2018-02-06 18:25:39";"2018-02-07 02:35:40";"2018-02-07 22:15:04";"2018-02-14 19:07:41";"2018-03-08 00:00:00"
"89165e6d4c28047da0adf13ac8b3e1b3";"4924a47e8cd5630b3564e26fac55c5ec";"delivered";"2018-07-18 13:39:54";"2018-07-18 13:50:14";"2018-07-24 14:14:00";"2018-07-26 18:26:37";"2018-07-30 00:00:00"
"f376081d7c5f1767fbc7fae2d19ca32e";"d68901955dc622165460ba6cb4ac49f3";"delivered";"2017-03-28 16:03:34";"2017-03-28 16:15:15";"2017-03-29 13:23:55";"2017-03-31 10:07:25";"2017-04-17 00:00:00"
"4b87488fb6269f8321508923b95da4d6";"e42998ccffc48dc87bf70b37e2d61f33";"delivered";"2018-06-08 12:19:58";"2018-06-08 12:37:01";"2018-06-11 08:23:00";"2018-06-15 20:58:47";"2018-07-05 00:00:00"
"e9ce52cd563d0124dced659e69eab10a";"9a80c8377644236e27f59e83862f1ae2";"delivered";"2017-07-10 12:23:05";"2017-07-12 02:10:59";"2017-07-13 18:35:37";"2017-07-17 17:03:47";"2017-07-28 00:00:00"
"9344ccd01ff5fa7ec2aef0ee7e1c49c3";"4fd75fb5ef1f01c7585bf746092a1544";"delivered";"2018-05-16 16:10:21";"2018-05-18 04:54:31";"2018-05-21 07:09:00";"2018-05-24 19:04:00";"2018-06-04 00:00:00"
"f4471dae8c482f51aa1826cd9f5d4433";"167b9485947ed0a354a3f8dad04eb199";"delivered";"2018-07-05 18:40:47";"2018-07-05 18:55:15";"2018-07-10 15:10:00";"2018-07-11 21:16:47";"2018-07-19 00:00:00"
"aeb4c9d05ab11d7c6c9ca24f8c43bd70";"fa5c31ea5a141cb29a683b6420f2693a";"delivered";"2017-09-20 17:12:34";"2017-09-21 14:44:35";"2017-09-22 17:54:05";"2017-09-28 19:47:42";"2017-10-18 00:00:00"
"33a3edb84b9df4cb49546859b990ac6d";"35ec6c1ca9e5844c5ca94214cce16dca";"delivered";"2018-02-21 17:15:49";"2018-02-22 16:10:41";"2018-02-23 22:42:43";"2018-03-22 00:03:53";"2018-03-16 00:00:00"
"9885fff91f7c807525f8320e5292a3db";"83257fb6f3a1edd3a75464178aa3f382";"delivered";"2018-01-10 14:18:40";"2018-01-11 02:48:39";"2018-01-12 14:15:26";"2018-01-24 23:16:49";"2018-01-31 00:00:00"
"e7a65190baa4e6fd192246157c0b81fb";"7d986867cfcd083f25ad4f692bd2df06";"delivered";"2017-04-26 16:14:11";"2017-04-27 17:22:58";"2017-04-28 12:43:07";"2017-05-12 14:04:02";"2017-05-29 00:00:00"
"62a12e4d2a742b2491d7c00d2d79bf52";"b60550c21000f91484c7d2aa2b8c522e";"delivered";"2017-11-27 19:24:52";"2017-11-27 19:39:02";"2017-11-28 22:58:14";"2017-12-08 15:41:46";"2017-12-27 00:00:00"
"90349f264a3d6a2525a34598d09dda6b";"d19f254a07da73a055409256e9bfe40a";"delivered";"2018-05-11 16:35:19";"2018-05-12 03:32:26";"2018-05-14 15:16:00";"2018-05-15 18:38:39";"2018-05-21 00:00:00"
"95cf9f239f724799131f7ca949209bd9";"7251aa758779438faea714941f1051c4";"delivered";"2018-05-25 08:54:21";"2018-05-25 09:16:24";"2018-05-28 15:43:00";"2018-05-30 15:06:44";"2018-06-12 00:00:00"
"04a59fe46fc5aa341da5378c195ed53c";"2d8748fb35d51c2fd273ee67fff78b7a";"delivered";"2017-11-26 09:32:06";"2017-11-28 09:35:11";"2017-11-28 19:18:52";"2017-12-11 19:03:18";"2017-12-19 00:00:00"
"86b37610c0e86e94afe3d5ba4b73fa14";"86ff82570097f39b2193254f540e4a69";"delivered";"2017-11-17 21:14:42";"2017-11-22 02:49:29";"2017-11-22 17:37:09";"2017-12-05 20:23:33";"2017-12-20 00:00:00"
"5c2d1d55c31db1cbe069dc9b6454b897";"15bea20cd005ed59d34db54c6b32ec98";"delivered";"2018-07-23 18:27:07";"2018-07-24 10:32:48";"2018-07-25 14:10:00";"2018-08-01 19:31:47";"2018-08-10 00:00:00"
"1d067305b599c1e0dceb3864056ea527";"0489975a325480c9e385e9f135bb13c3";"delivered";"2018-02-14 13:05:17";"2018-02-14 13:15:38";"2018-02-20 20:12:57";"2018-03-09 21:52:36";"2018-03-09 00:00:00"
"abc5ec9ecaec740b498a37f19c29a8c0";"85aa7dc7ea24c96b5ac7864f13922495";"delivered";"2017-04-30 22:43:56";"2017-04-30 22:55:09";"2017-05-02 13:58:16";"2017-05-12 12:04:38";"2017-06-05 00:00:00"
"6942b8da583c2f9957e990d028607019";"52006a9383bf149a4fb24226b173106f";"shipped";"2018-01-10 11:33:07";"2018-01-11 02:32:30";"2018-01-11 19:39:23";"";"2018-02-07 00:00:00"
"c3cb4c7c4b963ab08b07a5dca5baf05d";"38ccd077e65d89b8a720be73bfaa9c6f";"delivered";"2017-05-15 16:29:03";"2017-05-16 03:35:16";"2017-05-17 09:24:51";"2017-05-23 12:51:55";"2017-06-08 00:00:00"
"af66c46c49bdb3bf2f862efb1eb67d81";"9e3a06f863456c3934b9d26037c119cd";"delivered";"2017-07-22 19:16:47";"2017-07-22 19:25:18";"2017-07-25 19:14:13";"2017-07-31 18:17:45";"2017-08-11 00:00:00"
"14e6e050a57912543937e93051cc7b2c";"d006bd8339ac9891923132af6408f557";"delivered";"2018-06-24 19:01:52";"2018-06-24 19:20:23";"2018-06-25 15:57:00";"2018-06-28 13:03:08";"2018-07-27 00:00:00"
"cefa8ee1540139ac77fa0c1b4ff1f04b";"3b9388d1014c8090f77595c5e9f2ce94";"delivered";"2018-07-02 12:54:20";"2018-07-02 13:10:15";"2018-07-03 15:04:00";"2018-07-06 11:52:07";"2018-07-25 00:00:00"
"265f4e28ef8cf69f8445e2951bbe7343";"c572fd6cdd98e87ea2bc433b6da21078";"delivered";"2017-03-06 00:14:28";"2017-03-06 00:33:11";"2017-03-06 09:54:32";"2017-03-20 09:28:56";"2017-04-11 00:00:00"
"34276839abbc2d596eb36540d36c624c";"6968ea6ff6368619de4d031a15d5c9a6";"delivered";"2017-10-04 23:02:21";"2017-10-04 23:14:17";"2017-10-05 18:37:19";"2017-10-20 16:18:59";"2017-11-09 00:00:00"
"556bbf53c2c22fbb9ef31a414dd444a6";"5883f965ac70043c2e908c3657c5d548";"delivered";"2017-12-21 17:43:41";"2017-12-21 17:56:24";"2017-12-26 16:59:04";"2018-01-04 21:56:01";"2018-01-22 00:00:00"
"36530871a5e80138db53bcfd8a104d90";"4dafe3c841d2d6cc8a8b6d25b35704b9";"shipped";"2017-05-09 11:48:37";"2017-05-11 11:45:14";"2017-05-11 13:21:47";"";"2017-06-08 00:00:00"
"b2bd1f09c1b8a4a36940f6f6e49d5dec";"8ed14e450a6268ec13f325e7c2eafeed";"delivered";"2018-02-02 16:15:41";"2018-02-02 16:36:26";"2018-02-06 01:28:26";"2018-02-20 18:09:29";"2018-03-07 00:00:00"
"e69e2290db6b2d3b7593a40112e1a82a";"3a017955f82b5bf61bb51aec865a01ca";"delivered";"2018-06-01 11:26:06";"2018-06-02 03:15:28";"2018-06-04 13:08:00";"2018-06-05 17:44:39";"2018-07-04 00:00:00"
"c8627adf430caff83161acbeb344d8f5";"078d86e7bf40b188f0e5ed6d866c21c4";"delivered";"2018-08-09 16:23:03";"2018-08-09 17:30:25";"2018-08-10 12:32:00";"2018-08-14 19:12:05";"2018-08-21 00:00:00"
"1370fae9b19ee5e01a2d609eb18b7c8a";"22eb8142d6313bab19fa6c657170ae6b";"delivered";"2017-11-15 13:47:34";"2017-11-15 13:55:31";"2017-11-17 15:12:12";"2017-12-06 01:12:12";"2017-12-14 00:00:00"
"a7cd6af6e0519313887b3c3a120f20ca";"a559b10d4f093640a0ed4693ce16ed02";"delivered";"2018-04-26 11:59:05";"2018-04-26 12:11:18";"2018-04-27 11:49:00";"2018-05-03 02:52:58";"2018-05-07 00:00:00"
"663830a477534735bbdec9de01113fa2";"c1ddb7521d14db9071dccad0a94305c2";"delivered";"2018-07-15 12:37:12";"2018-07-16 12:30:53";"2018-07-16 14:33:00";"2018-07-23 23:56:47";"2018-08-13 00:00:00"
"b2f3763408103bc7173bb36ed02dbeea";"d0e6cb83a3fc27f56be011b2941f54c6";"delivered";"2018-05-30 22:33:08";"2018-05-30 22:55:45";"2018-06-11 14:44:00";"2018-06-18 23:07:33";"2018-07-16 00:00:00"
"0dad6beca7ed0e352668498c29089900";"2528510465c7572dedee4431a7d52e08";"delivered";"2017-12-02 14:08:33";"2017-12-02 14:17:20";"2017-12-08 21:21:12";"2017-12-13 09:44:38";"2017-12-27 00:00:00"
"93ec3e2c9a4beee38c28973d307093e1";"330ca6b207006779da875ef48faef608";"delivered";"2018-03-29 14:27:41";"2018-03-29 14:35:21";"2018-04-04 23:16:22";"2018-04-06 22:52:39";"2018-04-11 00:00:00"
"5561adcb0fd46da4cad3048fa4e7fc00";"819b0aa9b717f6d78c0f72211bafebe3";"delivered";"2018-06-25 15:36:18";"2018-06-25 15:58:17";"2018-06-26 14:58:00";"2018-06-27 17:18:42";"2018-07-11 00:00:00"
"6245ae0abd9de1ae647b5da78c0ea69b";"d68585c54450af4bfc04cc6cccbcd607";"delivered";"2017-09-11 07:54:38";"2017-09-11 08:10:08";"2017-09-13 18:22:19";"2017-09-16 16:12:24";"2017-09-27 00:00:00"
"ce9feeba53c652dd6569cca62e2bb287";"f7398fc942c8fa80e5419ae52e49f7fb";"delivered";"2018-04-15 19:42:06";"2018-04-15 19:55:20";"2018-04-19 14:32:30";"2018-04-20 23:12:11";"2018-04-26 00:00:00"
"565923f847aad52e7638eb189cce3b51";"a2cb2bc236e62cf807925d6cecc245c6";"delivered";"2018-01-13 08:19:23";"2018-01-13 08:29:22";"2018-01-15 22:55:00";"2018-01-23 18:22:46";"2018-02-15 00:00:00"
"36ebb4199031e72a1fa964549b88c377";"eecf2b94cdbe9ef6245fabb5e091c987";"delivered";"2018-04-04 08:39:50";"2018-04-04 08:50:15";"2018-04-07 00:49:39";"2018-04-16 23:35:26";"2018-05-02 00:00:00"
"232b75e8b6faa6ca2063184414e634a7";"0a11cb0fb65032da800b780afcc1a1b7";"delivered";"2017-09-26 12:32:39";"2017-09-27 03:35:03";"2017-10-04 08:03:59";"2017-10-09 18:32:42";"2017-10-20 00:00:00"
"ee990334acb0ff9333b01afa465f3006";"a8331c35b57d8fe09e8df1c06509de29";"delivered";"2018-02-28 17:00:28";"2018-03-02 02:10:55";"2018-03-02 22:18:35";"2018-03-22 10:18:36";"2018-04-02 00:00:00"
"780fe22baa36991bdbb1559f5b549596";"e1862648f338ecaf4242e8e2b59126ca";"delivered";"2017-04-22 19:26:47";"2017-04-22 19:41:06";"2017-04-24 11:04:27";"2017-04-28 14:37:16";"2017-05-15 00:00:00"
"58ac1947c1a9067b9f416cba6d844a3f";"ee8e1d37f563ecc11cc4dcb4dfd794c2";"delivered";"2017-09-13 09:18:50";"2017-09-13 13:45:43";"2017-09-14 21:20:03";"2017-09-21 21:16:17";"2017-09-25 00:00:00"
"ba4ddff2b9082f079de9a84d7a5605fd";"fbfba770bf13f470f63d1854a765a2d3";"delivered";"2018-01-18 09:30:54";"2018-01-18 09:38:30";"2018-01-18 23:43:46";"2018-01-20 17:56:44";"2018-02-02 00:00:00"
"75351e48296ef42211a0b80c427aae57";"cf9e2b07f78cce347089900f49fb4746";"delivered";"2017-03-14 16:25:43";"2017-03-14 16:25:43";"2017-03-30 13:22:17";"2017-04-03 13:37:42";"2017-04-10 00:00:00"
"64a2b20e6611bf80d933549f4c45ad84";"de62761e79f4ae4169cab45ed5f36026";"delivered";"2017-12-20 12:30:40";"2017-12-21 02:11:52";"2017-12-22 20:41:54";"2018-01-09 15:44:20";"2018-01-19 00:00:00"
"775130c792f4c6460c63162e994a1114";"d4cd9729eeca5306a2c039fe6e55601e";"delivered";"2017-12-04 17:24:57";"2017-12-04 18:30:29";"2017-12-05 16:09:06";"2017-12-11 18:52:10";"2018-01-04 00:00:00"
"b0928556a10706af462ca2ab2c91903b";"0b9e85491c194a97516c87f30a93abfa";"delivered";"2018-08-03 22:23:06";"2018-08-03 22:35:17";"2018-08-06 13:40:00";"2018-08-14 18:16:42";"2018-08-23 00:00:00"
"5487a8ac1699754d975f853ce8bb9321";"a51b373c427132a77b112ca10f502c4f";"delivered";"2018-03-29 14:29:44";"2018-04-03 05:48:50";"2018-04-04 01:13:40";"2018-04-08 16:22:04";"2018-04-20 00:00:00"
"00571ded73b3c061925584feab0db425";"3c628393675b42c6b5ef89461f68ecef";"delivered";"2017-05-18 20:59:24";"2017-05-18 21:10:16";"2017-05-22 15:50:30";"2017-05-30 09:12:44";"2017-06-12 00:00:00"
"74ebfa44a323c96a7760bd693d690a3d";"13fd7ce9f08449dec2533119379a2527";"delivered";"2017-06-16 00:22:49";"2017-06-16 00:35:26";"2017-06-16 15:37:52";"2017-06-26 13:49:52";"2017-07-18 00:00:00"
"37104fd8b73d0691fda9491fe8906808";"328d7a69cb9cbaf088eed3ed778804bb";"delivered";"2017-07-05 09:16:49";"2017-07-07 02:50:37";"2017-07-07 21:03:12";"2017-07-17 17:23:48";"2017-08-07 00:00:00"
"b6b3633f97c686d8e188ac6fa29ff20d";"8d3d362741da05c706eb55001bdfa1b9";"delivered";"2018-07-27 12:45:51";"2018-07-27 13:04:20";"2018-08-02 13:33:00";"2018-08-06 17:20:53";"2018-08-17 00:00:00"
"37e32b54f25d2472acbc642f7e539a36";"0f5b40f9925b49675464fb74869c6547";"delivered";"2017-07-08 14:12:08";"2017-07-08 14:25:09";"2017-07-11 14:36:51";"2017-07-17 20:39:33";"2017-08-03 00:00:00"
"43d88b0e949865904334dd5b3ca63f50";"aa601b3c45980c0918042d5ca7a25054";"delivered";"2018-03-15 16:59:11";"2018-03-15 17:15:42";"2018-03-19 15:03:06";"2018-03-20 16:13:27";"2018-04-02 00:00:00"
"5e99f3c445038a0709b2aea8e34ed593";"243ee97e01766bf68c3e30f0fe572490";"delivered";"2017-06-25 19:30:09";"2017-06-25 19:45:10";"2017-06-26 18:41:35";"2017-07-04 10:51:55";"2017-07-14 00:00:00"
"f61b61c2cbb4192ccaf9c2c76a4cc971";"525125633cfc0f64d4a991240953f2b5";"delivered";"2018-02-28 21:27:43";"2018-02-28 21:48:27";"2018-03-07 01:38:40";"2018-03-09 13:46:21";"2018-03-13 00:00:00"
"6d7de866a140b19d09e825b2a4e944c7";"9e5ce657315b2bdb94033a494041ac25";"delivered";"2018-04-16 21:07:16";"2018-04-16 22:10:15";"2018-04-17 20:54:27";"2018-04-24 20:38:55";"2018-05-15 00:00:00"
"3f849648ffbabb0562c7668f212e3e88";"a338f42b6e47cb49d5c5128a348b76ba";"delivered";"2018-05-15 19:55:51";"2018-05-16 08:36:57";"2018-05-18 15:26:00";"2018-06-07 13:58:42";"2018-06-06 00:00:00"
"7c18eddfcd24680d80a502346221614e";"b7ee9b824b4a83b389379ac70585bf3b";"delivered";"2018-07-13 15:45:51";"2018-07-13 16:04:02";"2018-07-16 09:53:00";"2018-07-24 20:16:30";"2018-08-09 00:00:00"
"6fa204b6cf6dcfe6c9adca7dc53aa32a";"56dfafb543cfa4c2edcc08b9b2c5f0c6";"delivered";"2017-08-01 18:52:12";"2017-08-03 03:04:48";"2017-08-03 16:17:38";"2017-08-05 12:14:47";"2017-08-21 00:00:00"
"58d4c4747ee059eeeb865b349b41f53a";"1755fad7863475346bc6c3773fe055d3";"delivered";"2018-07-21 12:49:32";"2018-07-26 23:31:53";"2018-07-24 12:57:00";"2018-07-25 23:58:19";"2018-07-31 00:00:00"
"a840a7a89e3d9137358eb7b9408681fe";"5e320e6a4f03e2e74bc22e1158237fbe";"delivered";"2017-03-09 22:17:49";"2017-03-09 22:17:49";"2017-03-10 16:23:51";"2017-03-16 08:24:47";"2017-03-28 00:00:00"
"40001f4b6e1a35f0b99fc4f44078ab27";"1690401c1e48c9526a79e72ba8c069a2";"delivered";"2017-12-09 17:27:58";"2017-12-09 17:37:27";"2017-12-12 17:17:24";"2018-01-04 21:23:53";"2018-02-01 00:00:00"
"287c56aa824d8d1ea40246ad12013f62";"5232c22d7ed2b631db6b2cab74b2c5f2";"delivered";"2018-08-01 10:48:19";"2018-08-02 10:45:12";"2018-08-03 10:30:00";"2018-08-07 13:59:38";"2018-08-10 00:00:00"
"694630e7a7713c116a9b7f0ba3377382";"5a771152dd93d31af819d708942afec6";"delivered";"2018-04-09 13:56:45";"2018-04-11 05:50:45";"2018-04-11 22:46:53";"2018-04-16 20:58:47";"2018-05-03 00:00:00"
"f26f92a3da58e9c771820a7b4d9a6800";"597950088114c1a9e2b27459051f40ff";"delivered";"2018-02-10 19:27:28";"2018-02-10 19:35:32";"2018-02-14 23:09:27";"2018-02-19 15:07:08";"2018-02-26 00:00:00"
"d1f54c6a2a7015c5687439d6d4e971ba";"be0db8a12224c280772baf2ccb468e5e";"delivered";"2017-04-27 11:08:59";"2017-04-27 11:22:56";"2017-04-27 11:51:58";"2017-05-15 12:00:17";"2017-06-16 00:00:00"
"37d6c8f1b209eab8d1b6522a1a3e4d88";"fe4b93d8b5d38fc72f20a95f93511cae";"delivered";"2017-12-06 15:26:09";"2017-12-08 02:54:25";"2017-12-11 23:10:16";"2017-12-13 18:03:38";"2017-12-27 00:00:00"
"f9f76d0f8ab416a42a2a3dad0d710162";"e4a32f8f3648818820a821cd577ccdba";"delivered";"2017-11-30 22:37:50";"2017-12-01 10:31:12";"2017-12-01 20:13:00";"2017-12-08 20:56:54";"2017-12-26 00:00:00"
"a03ad7057fae696dd18f8967826c209f";"7df71d1652cfba8b2a70cf665c960f74";"delivered";"2017-06-05 13:24:46";"2017-06-07 19:42:11";"2017-06-08 16:18:32";"2017-06-16 14:04:09";"2017-06-28 00:00:00"
"c93e4c73cba512f76817291e0de8bec4";"9f5a2f912f123d541a318029712fe90b";"delivered";"2017-09-12 16:32:09";"2017-09-12 16:45:08";"2017-09-13 22:39:49";"2017-09-22 16:43:37";"2017-10-04 00:00:00"
"412fccb2b44a99b36714bca3fef8ad7b";"c6865c523687cb3f235aa599afef1710";"delivered";"2018-07-22 22:30:05";"2018-07-23 12:31:53";"2018-07-23 12:24:00";"2018-07-24 19:26:42";"2018-07-31 00:00:00"
"67b47f35ec923e39f1203f3cfa80f5e3";"0dd5a932b1e29daa12845dbf696cbb54";"delivered";"2018-06-03 18:24:33";"2018-06-03 18:49:57";"2018-06-04 15:11:00";"2018-06-08 18:58:53";"2018-07-11 00:00:00"
"b616f638cd86d92c7cbd06cf7484ee34";"8458f7ae02bda5950ce48c01a720559a";"delivered";"2018-05-23 16:37:35";"2018-05-23 16:56:50";"2018-05-24 16:13:00";"2018-06-06 14:06:48";"2018-06-08 00:00:00"
"258f2e5dd769d9314b349f5650005dcc";"148ecba880f508ca2d5b6744b6a7b6c5";"delivered";"2018-02-03 10:51:17";"2018-02-03 11:10:37";"2018-02-06 18:49:02";"2018-02-23 20:59:12";"2018-03-13 00:00:00"
"f90202d14e468090464aeb4b1f0372ab";"d4c5a2a1316f738e72e179d6bb3b6d8f";"delivered";"2018-05-17 08:33:19";"2018-05-17 08:59:32";"2018-05-23 12:24:00";"2018-06-01 23:27:31";"2018-06-04 00:00:00"
"615ae1b88a25a4ac47fbf55c9c847b6e";"25daddfce277eafad87c4d28d71d8229";"delivered";"2018-08-10 13:42:06";"2018-08-10 13:55:18";"2018-08-13 10:37:00";"2018-08-20 23:38:44";"2018-08-30 00:00:00"
